{
  "_do_not_edit_this_file": "THIS FILE IS AUTOMATICALLY GENERATED, AND SHOULD NOT BE EDITED. Edit `cogs.toml` in the repository root instead.",
  "author": [
    "odinair"
  ],
  "min_python_version": [
    3,
    7,
    0
  ],
  "min_bot_version": "3.1.0",
  "max_bot_version": "3.2.0",
  "install_msg": "**This cog does not load any of it's commands by default, but instead must be configured with `[p]misctools`.**",
  "short": "Your bot's trusty Swiss army knife of utilities",
  "description": "This cog splits it's available commands into multiple sets that can be dynamically loaded and unloaded to reduce the chance for any potential conflicts with other cogs. As such, this cog doesn't load all available commands by default, but must instead be specifically loaded with `[p]misctools`.\n\nThis cog features the following utilities:\n\u2022 Cog debugging related utilities\n\u2022 Message retrieval\n\u2022 Permission breakdowns\n\u2022 Semi-accurate ping timings\n\u2022 General bot statistics\n\u2022 XKCD comic retrieval\n\u2022 Sending [p]contact messages to a channel\n\n.. and much more; refer to `[p]misctools list` for the full list of available toolsets.",
  "requirements": [
    "psutil"
  ],
  "tags": [
    "utility",
    "xkcd",
    "ping",
    "statistics",
    "permissions"
  ]
}