{
  "author": ["seputaes (sep#0001)"],
  "name": "PhotoSync",
  "type": "COG",
  "install_msg": "Thanks for installing Sep's PhotoSync cog. ",
  "short": "PhotoSync allows photos/videos sent to a Discord channel to be synced to various services, such as Google Photos.",
  "description": "PhotoSync allows photos/videos sent to a Discord channel to be synced to various services, such as Google Photos.",
  "tags": ["utility", "photos", "attachments"],
  "required_cogs": {},
  "requirements": [],
  "disabled": false,
  "hidden": false,
  "min_bot_version": "3.1.1"
}