{
    "author" : [
        "TrustyJAID"
    ],
    "bot_version" : [
        3,
        0,
        0
    ],
    "description" : "Add image for the bot to directly upload similar to alias.",
    "disabled" : false,
    "hidden" : false,
    "install_msg" : "This cog will create folders to save and delete images added locally. [p]addimage to add an image to the guild. Owner can add global bot images. ",
    "min_python_version" : [
        3,
        6,
        2
    ],
    "name" : "AddImage",
    "permissions" : [
        "attach_files"
    ],
    "required_cogs" : [],
    "requirements" : [],
    "short" : "Add images for direct upload per guild and globally.",
    "tags" : [],
    "type" : "COG"
}