{
  "author": ["seputaes (sep#0001)"],
  "name": "Memento",
  "type": "COG",
  "install_msg": "Thanks for installing Sep's Memento! Never forget again.",
  "short": "Memento allows users to set reminders for themselves and admins for roles/channels.",
  "description": "Memento allows user to set reminders for themselves. Admins (by default) can also set reminders to ping specific roles in a channel at a specified time.",
  "tags": ["utility", "calendar"],
  "required_cogs": {},
  "requirements": ["recurrent","pytz", "timeago"],
  "disabled": false,
  "hidden": false,
  "min_bot_version": "3.1.1"
}