{
  "_do_not_edit_this_file": "THIS FILE IS AUTOMATICALLY GENERATED, AND SHOULD NOT BE EDITED. Edit `cogs.toml` in the repository root instead.",
  "author": [
    "odinair"
  ],
  "min_python_version": [
    3,
    7,
    0
  ],
  "min_bot_version": "3.1.0",
  "max_bot_version": "3.2.0",
  "install_msg": "**This cog requires a running statsd daemon to use.**\n\nIf you have no idea what that means, you're likely trying to use the wrong cog.\n\n(are you looking for a statistics command? if so, you may be looking for my `misctools` cog's `statistics` toolset instead.)",
  "type": "COG",
  "short": "Send statistics about your Red bot to a statsd daemon",
  "description": "This cog requires a statsd daemon to be running on your host machine, or the host to be configured with '[p]botstats host'.\n\nIf you have no idea what any of that means, this likely isn't the cog you're looking for.\n\nThis cog has only been tested with netdata (https://github.com/netdata/netdata), but it should work with any statsd server that correctly handles gauges and counters.\n\nThe following data is collected and sent to statsd:\n\n- Current ping in milliseconds\n- # of servers\n- # of unique users across all servers\n- # of text & voice channels in all servers\n- The amount of people currently listening to music\n- Counters of messages received and commands processed",
  "requirements": [
    "datadog"
  ],
  "tags": [
    "statistics",
    "statsd",
    "metrics",
    "datadog",
    "utility"
  ]
}