{
    "author": [
        "mikeshardmind(Sinbad)",
        "DiscordLiz"
    ],
    "install_msg": "If you need help, I have a channel in https://discord.gg/mb85deu",
    "name": "RoleManagement",
    "disabled": false,
    "short": "Role searches, reactroles, requirements for roles, etc.",
    "description": "React roles with requirements, selfroles with requirements, role based member search and more.",
    "tags": [
        "react_roles",
        "react roles",
        "rolemanagement",
        "role search",
        "massrole"
    ],
    "hidden": false,
    "min_bot_version": "3.1.4"
}