{
    "author" : ["Redjumpman (Redjumpman#1337)"],
    "install_msg" : "Thank you for installing race. If you have questions or bugs please head to my support channel here: <https://discord.gg/c6HQUb7> ",
    "name" : "Race",
    "short" : "Race turtles and other animals against your friends and the bot.",
    "description" : "Race turtles and other animals against your friends. Allows for currency prizes, betting, and stat tracking.",
    "tags" : ["Games", "Race", "Turtles", "Economy"],
    "min_python_version": [3, 6, 0]
}
