{
  "_do_not_edit_this_file": "THIS FILE IS AUTOMATICALLY GENERATED, AND SHOULD NOT BE EDITED. Edit `cogs.toml` in the repository root instead.",
  "author": [
    "odinair"
  ],
  "min_python_version": [
    3,
    7,
    0
  ],
  "min_bot_version": "3.1.0",
  "max_bot_version": "3.2.0",
  "install_msg": "Thanks for installing one of my cogs~\n\nIf you encounter any issues, please feel free to open an issue: <https://gitlab.com/odinair/Swift-Cogs/issues/new>",
  "type": "COG",
  "description": "Mute users for a set amount of time",
  "tags": [
    "moderation",
    "mute",
    "tempmute",
    "roles"
  ],
  "required_cogs": {
    "timedrole": "https://gitlab.com/odinair/Swift-Cogs"
  },
  "short": "Mute users for a set amount of time"
}